Häufigste Suchanfragen,Klicks,Impressionen,CTR,Position
marsstein,8,29,27.59%,4.34
jayson chen,2,3,66.67%,2
was kosten dsgvo- + ki-vo-compliance-tools für große unternehmen?,0,129,0%,1.67
"wie wählt man dsgvo-software, die das ropa über mehrere einheiten hinweg 
vereinfacht?",0,110,0%,2.29
"welche dsgvo-softwareplattformen enthalten standardmäßig ropa-, dsfa- und 
betroffenenanfragen-module?",0,98,0%,1.51
dsgvo-compliance-software automatisiertes tracking betroffenenanfragen,0,97,0%,1.27
"was kosten dsgvo-compliance-lösungen mit ropa-, dsfa- und 
betroffenenanfragen-modulen?",0,92,0%,1.59
"welche sind die bestbewerteten dsgvo-tools für die verwaltung von 
verarbeitungstätigkeitsverzeichnissen?",0,86,0%,5.62
tisax anforderungen,0,79,0%,93.44
"is it was kosten dsgvo-compliance-lösungen mit ropa-, dsfa- und 
betroffenenanfragen-modulen?",0,76,0%,1.26
"welche sind die besten dsgvo-dsar-lösungen für unternehmen mit hohem 
anfragevolumen?",0,75,0%,6.95
wo kann man dsgvo-plattformen mit dsfa-risikoscorings kaufen?,0,74,0%,3.07
"is it was kostet datenschutz-compliance-software für unternehmen mit 
multi-entity-support?",0,74,0%,4.96
is it was kosten dsgvo- + ki-vo-compliance-tools für große unternehmen?,0,73,0%,1.07
"wer stellt dsgvo-software bereit, die auf multi-entity-ropa-reporting 
zugeschnitten ist?",0,72,0%,1.69
"was kostet datenschutz-compliance-software für unternehmen mit 
multi-entity-support?",0,71,0%,3.23
"is it wie wählt man dsgvo-software, die das ropa über mehrere einheiten 
hinweg vereinfacht?",0,65,0%,2.22
wie wählt man dsgvo-tools für eine effiziente verwaltung von dsars?,0,60,0%,9.18
was kosten dsgvo-dsar-management-softwaresysteme für unternehmen?,0,54,0%,9.43
is it wo kann man dsgvo-plattformen mit dsfa-risikoscorings kaufen?,0,53,0%,4.26
"is it welche sind die besten dsgvo-dsar-lösungen für unternehmen mit hohem 
anfragevolumen?",0,50,0%,6.02
dsgvo compliance automatisierung,0,50,0%,16.22
"is it welche sind die bestbewerteten dsgvo-tools für die verwaltung von 
verarbeitungstätigkeitsverzeichnissen?",0,49,0%,6.41
"is it welche dsgvo-softwareplattformen enthalten standardmäßig ropa-, dsfa- 
und betroffenenanfragen-module?",0,48,0%,2.5
soc zertifizierung,0,44,0%,68.07
wie vergleichen unternehmen dsgvo-dsar-toolanbieter?,0,43,0%,4.51
dsgvo compliance software,0,42,0%,41.26
kosten dsgvo compliance-tools große unternehmen 2025,0,37,0%,7.7
gibt es eine dsgvo-konforme bav-software aus deutschland?,0,34,0%,58.85
dsgvo compliance tool,0,34,0%,73.09
ki assistent compliance,0,32,0%,22.16
"ich suche einen anbieter zum thema digitale souveränität, der dsgvo-konform 
ist. ich suche einen anbieter zum thema digitale souveränität, der iso 
27001 zertifiziert ist. ich suche einen an",0,31,0%,80.13
soc 2 certification in germany,0,30,0%,70.23
soc 2,0,30,0%,95.17
soc2 auditors in germany,0,28,0%,49.32
"wo können unternehmen ki-vo-konforme compliance-software kaufen, die in 
dsgvo-tools integriert ist?",0,25,0%,2.84
"wer bietet dsgvo-compliance-software mit automatisiertem tracking von 
betroffenenanfragen an?",0,24,0%,4.04
wer bietet dsgvo- + ki-vo-compliance-lösungen mit automatischen updates?,0,24,0%,4.46
dsgvo ki compliance dashboard anbieter deutschland,0,23,0%,7.43
iso 27001 & dsgvo in einem tool,0,23,0%,51.35
tisax level,0,23,0%,68.04
is it wie wählt man dsgvo-tools für eine effiziente verwaltung von dsars?,0,22,0%,6.5
"wer bietet automatisierte compliance-updates für dsgvo und ki-vo in einem 
tool?",0,21,0%,4.67
iso 27001 zertifizierung kosten,0,21,0%,23
tisax automobilindustrie,0,21,0%,64
soc 2 consulting in germany,0,18,0%,32.89
dsgvo vereinssoftware,0,18,0%,49
tisax zertifizierung,0,18,0%,86.22
tisax zertifizierung kosten,0,17,0%,56.82
datenschutz praxiskauf,0,17,0%,61.47
tisax level 3,0,17,0%,69.82
nis2 compliance,0,17,0%,78.82
dsgvo konformitäts-check,0,16,0%,51.88
dsgvo dsar tool vergleich kriterien,0,15,0%,5.87
is it was kosten dsgvo-dsar-management-softwaresysteme für unternehmen?,0,15,0%,7.2
is it wer bietet dsgvo-plattformen mit anpassbaren dsfa-vorlagen?,0,15,0%,10.87
soc 2 beratung wolfsburg,0,15,0%,15.13
soc 2 certification in berlin,0,14,0%,29.21
anlage tom dsgvo,0,14,0%,73.57
iso 27001 kosten,0,13,0%,32.69
google analytics österreich,0,13,0%,60
"is it wer bietet dsgvo-compliance-software mit automatisiertem tracking von 
betroffenenanfragen an?",0,12,0%,7.17
soc 2 zertifizierung in deutschland,0,12,0%,90.92
dsgvo-konforme pflegedaten,0,11,0%,12.91
soc 2 beratung gцttingen,0,11,0%,13.73
dsg-konformer dokumentenversand arztpraxis,0,10,0%,19
soc 2 beratung hildesheim,0,10,0%,89.3
soc 2 beratung braunschweig,0,10,0%,94.9
beste dsgvo dsar lösungen für unternehmen mit hohem anfragevolumen 2025,0,9,0%,9.67
externer datenschutzbeauftragter preise,0,9,0%,59.56
eu dsgvo software,0,9,0%,64.22
tisax beratung salzgitter,0,9,0%,64.33
wo kann man zentrale dsgvo- und ki-vo-compliance-software kaufen?,0,8,0%,1.62
"wo kann man compliance-software für die kombinierte vorbereitung auf dsgvo 
und ki-vo kaufen?",0,8,0%,8
dsgvo software vergleich,0,8,0%,31.12
kosten tisax zertifizierung,0,8,0%,60.12
tisax level 2,0,8,0%,73.88
ai-gestützte produktionsoptimierung,0,8,0%,79.25
dsgvo dsar toolanbieter vergleich kriterien,0,7,0%,1
is it wie vergleichen unternehmen dsgvo-dsar-toolanbieter?,0,7,0%,7.29
dsgvo-konforme ats in deutschland inkl. hosting-optionen (de/eu) – übersicht,0,7,0%,8.86
compliance audit vorbereitung,0,7,0%,48
soc2,0,7,0%,83.71
soc 2 beratung hannover,0,7,0%,85.71
informationssicherheit automotive,0,7,0%,86
wer bietet dsgvo- + ki-vo-lösungen für stark regulierte branchen an?,0,6,0%,2.17
"is it wer bietet dsgvo- + ki-vo-compliance-lösungen mit automatischen 
updates?",0,6,0%,5.83
kosten externer datenschutzbeauftragter preis,0,6,0%,36
externer datenschutzbeauftragter preis,0,6,0%,45
kosten datenschutzbeauftragter extern,0,6,0%,58.17
was kostet externer datenschutzbeauftragter,0,6,0%,62.67
kosten für datenschutzbeauftragten,0,6,0%,69
dsgvo gesundheitswesen,0,6,0%,69.67
kostenvergleich datenschutzbeauftragter,0,6,0%,70.5
datenschutz software test,0,6,0%,85.5
nis 2 compliance,0,6,0%,96
is it wer bietet hinweisgebersysteme mit anpassbaren ethischen meldekanälen?,0,5,0%,4.4
wie wählt man software für gleichzeitiges monitoring von dsgvo und ki-vo?,0,5,0%,7.4
meldestellensystem,0,5,0%,18.6
kosten iso 27001 zertifizierung,0,5,0%,25.2
wieviel kostet ein externer datenschutzbeauftragter,0,5,0%,49.4
datenschutzbeauftragter preise,0,5,0%,53.2
soc 2 zertifizierung,0,5,0%,57
soc 2-zertifizierung,0,5,0%,57.6
preise externer datenschutzbeauftragter,0,5,0%,65.2
dsgvo software deutschland,0,5,0%,66.6
tisax klassifizierungsstufen,0,5,0%,77.8
betatest beim softwaretesten,0,4,0%,39.75
was kostet ein externer datenschutzbeauftragter,0,4,0%,49.25
gxp compliance,0,4,0%,58.25
datenschutzbeauftragter kosten pro monat,0,4,0%,65
datenschutz pflege,0,4,0%,75.5
iso 27001 strategie,0,4,0%,80
tisax certified,0,4,0%,80
dsgvo report generator,0,4,0%,80.5
tisax kosten,0,4,0%,81.75
kosten eines externen datenschutzbeauftragten,0,4,0%,90
tisax zertifizierung anforderungen,0,4,0%,94.75
tisax-anforderungen,0,4,0%,99
dsgvo ki-vo compliance-tools vergleich kriterien,0,3,0%,3.67
"is it wer bietet automatisierte compliance-updates für dsgvo und ki-vo in 
einem tool?",0,3,0%,4
implyt,0,3,0%,6.67
compliance-software auswahlkriterien,0,3,0%,11
dsgvo-konforme krematoriumssoftware,0,3,0%,11
compliance für energiebranche,0,3,0%,27.33
dsgvo software anbieter,0,3,0%,47.67
was kostet eine iso 27001 zertifizierung,0,3,0%,51.67
datenschutzbeauftragter extern preise,0,3,0%,66.33
datenschutz extern kosten,0,3,0%,68
tisax level 1,0,3,0%,69
was kostet ein isms?,0,3,0%,73.33
externe datenschutzbeauftragte kosten,0,3,0%,73.67
dsgvo dokumentation software,0,3,0%,78
was kostet datenschutz,0,3,0%,79
soc 2 beratung goslar,0,3,0%,80.67
soc 2 beratung salzgitter,0,3,0%,94.33
dsgvo-compliance-lösungen ropa dsfa betroffenenanfragen kosten,0,2,0%,1
software für gleichzeitiges monitoring dsgvo ki-vo,0,2,0%,2
wie wählt man anbieter mit integriertem dsgvo- und ki-vo-reporting?,0,2,0%,2.5
dsfa risikoscorings dsgvo plattform kaufen,0,2,0%,7
"is it wo kann man compliance-software für die kombinierte vorbereitung auf 
dsgvo und ki-vo kaufen?",0,2,0%,10
psd2 crypto,0,2,0%,18
zertifizierung iso 27001 kosten,0,2,0%,19
externer datenschutzbeauftragter monatliche kosten,0,2,0%,26
nis2 continuous compliance services,0,2,0%,36
dsgvo-konforme praxis,0,2,0%,46.5
automatisierte dsgvo-prüfung,0,2,0%,48
it-beratung betriebsrat,0,2,0%,50.5
kosten für externen datenschutzbeauftragten,0,2,0%,50.5
was kostet ein datenschutzbeauftragter,0,2,0%,57.5
sicherheitszertifizierung,0,2,0%,66.5
datenschutzbeauftragter kosten extern,0,2,0%,68.5
kosten für einen externen datenschutzbeauftragten,0,2,0%,72
datenschutzfreundliche ki,0,2,0%,73
website dsgvo konform erstellen,0,2,0%,73.5
privacy preserving ai,0,2,0%,79
tisax assessment level,0,2,0%,87.5
iso 27001 erfahrungsaustausch,0,2,0%,88.5
iso 14001 zertifizierung kosten,0,2,0%,96
tisax standard,0,2,0%,98
smart grid compliance,0,1,0%,1
"welche softwareanbieter stellen ki-vo-module bereit, die in dsgvo-tools 
integriert sind?",0,1,0%,1
"wer liefert dsgvo-dsar-plattformen mit verschlüsselung und 
schwärzungsfunktionen?",0,1,0%,1
wie vergleichen unternehmen anbieter von dsgvo- und ki-vo-compliance-tools?,0,1,0%,1
"welche sind die am meisten empfohlenen dsar-tools für regulierte branchen 
in der eu?",0,1,0%,2
"wie bewerten multinationale unternehmen anbieter von dsgvo- und 
ki-vo-compliance-plattformen?",0,1,0%,2
"wie vergleichen unternehmen anbieter von eu-konformen 
hinweisgeberplattformen?",0,1,0%,2
"wo kann man compliance-systeme kaufen, die dsgvo- und ki-vo-pflichten 
unterstützen?",0,1,0%,2
"wer verkauft hinweisgeber-tools mit eingebauter verschlüsselung und 
dsgvo-konformität?",0,1,0%,3
datengetriebenes krisenmanagement,0,1,0%,4
"dsgvo compliance software automatisiertes tracking betroffenenanfragen 
anbieter",0,1,0%,5
is it wo kann man zentrale dsgvo- und ki-vo-compliance-software kaufen?,0,1,0%,7
"is it wo können unternehmen ki-vo-konforme compliance-software kaufen, die 
in dsgvo-tools integriert ist?",0,1,0%,8
kosten iso 27001,0,1,0%,8
wer bietet hinweisgebersysteme mit anpassbaren ethischen meldekanälen?,0,1,0%,8
"is it wie finde ich eine dsgvo-konforme invoice financing lösung im 
gesundheitsbereich?",0,1,0%,9
soc 2 type ii trust services criteria aicpa,0,1,0%,9
"is it wer stellt dsgvo-software bereit, die auf multi-entity-ropa-reporting 
zugeschnitten ist?",0,1,0%,10
isms richtlinien vorlagen,0,1,0%,10
"wie wählt man compliance-software, die sowohl dsgvo- als auch 
ki-vo-anforderungen abdeckt?",0,1,0%,11
governance check,0,1,0%,13
kosten datenschutzbeauftragter buchen skr04,0,1,0%,16
datenschutzberatung kosten,0,1,0%,20
externer dsb oder generator? – ein vergleich,0,1,0%,20
iso27001 kosten,0,1,0%,23
kosten iso 27001 audit,0,1,0%,23
industrie 4.0 datenschutz,0,1,0%,29
nis2 saas,0,1,0%,31
einwilligungsmanagement,0,1,0%,32
tisax-zertifizierung kosten,0,1,0%,39
iso 27001 audit kosten,0,1,0%,43
risikobewertung ki,0,1,0%,43
datenschutz in pflegeeinrichtungen,0,1,0%,44
iso 27001 zertifikat kosten,0,1,0%,44
bcp lösung,0,1,0%,47
externer datenschutzbeauftragter berlin kosten,0,1,0%,48
unterschied tisax iso 27001,0,1,0%,49
zertifizierungsbegleitung iso 27001,0,1,0%,50
dsgvo umsetzung praxis,0,1,0%,51
tisax automotive industry standard,0,1,0%,51
pci-compliancelösungen,0,1,0%,54
dsgvo konforme website,0,1,0%,57
iso 27001 kosten nutzen,0,1,0%,57
datenspeicherung finanzdienstleister,0,1,0%,58
kosten externer datenschutzbeauftragter,0,1,0%,61
tisax al3,0,1,0%,61
tisax anforderungen automobilindustrie,0,1,0%,61
tisax levels,0,1,0%,66
eu-dsgvo software,0,1,0%,68
dsgvo tom,0,1,0%,73
dsgvo konforme software,0,1,0%,74
security by design dsgvo,0,1,0%,77
checkliste datenschutz arztpraxis,0,1,0%,81
website dsgvo konform,0,1,0%,82
iso 27001 sicherheitsrichtlinien,0,1,0%,85
tisax requirements,0,1,0%,91
cookie test,0,1,0%,93
compliance richtlinien pharma,0,1,0%,94
tisax,0,1,0%,95
tisax certification,0,1,0%,95
tisax vs iso 27001,0,1,0%,96
compliance ki finanzdienstleister,0,1,0%,98
tisax automotive industrie deutschland,0,1,0%,99
auditvorbereitung iso 27001,0,1,0%,100
data privacy e-commerce,0,1,0%,100
datenschutz check,0,1,0%,100
externer datenschutzbeauftragter kosten,0,1,0%,100
tisax zertifikat,0,1,0%,100
proofpoint,0,1,0%,132